{"cameraMode":{"drawMode":0,"name":"Shaded","section":"Shading Mode"},"sceneLighting":true,"audioPlay":false,"sceneViewState":{"m_AlwaysRefresh":false,"showFog":true,"showSkybox":true,"showFlares":true,"showImageEffects":true,"showParticleSystems":true,"showVisualEffectGraphs":true,"m_FxEnabled":true},"in2DMode":false,"pivot":{"x":-0.18759047985076905,"y":0.22877633571624757,"z":-11.210311889648438},"rotation":{"x":-0.07593388855457306,"y":0.9088128209114075,"z":-0.18972882628440858,"w":-0.36372825503349306},"size":1.0880173444747925,"orthographic":false}