{"cameraMode":{"drawMode":0,"name":"Shaded","section":"Shading Mode"},"sceneLighting":false,"audioPlay":false,"sceneViewState":{"m_AlwaysRefresh":false,"showFog":true,"showSkybox":false,"showFlares":true,"showImageEffects":true,"showParticleSystems":true,"showVisualEffectGraphs":true,"m_FxEnabled":true},"in2DMode":false,"pivot":{"x":0.12153153121471405,"y":-0.02863524854183197,"z":0.005774259567260742},"rotation":{"x":-0.016787249594926835,"y":-0.05068965628743172,"z":0.0008534993976354599,"w":-0.9985835552215576},"size":0.5197370052337647,"orthographic":false}