{"cameraMode":{"drawMode":0,"name":"Shaded","section":"Shading Mode"},"sceneLighting":false,"audioPlay":false,"sceneViewState":{"m_AlwaysRefresh":false,"showFog":true,"showSkybox":false,"showFlares":true,"showImageEffects":true,"showParticleSystems":true,"showVisualEffectGraphs":true,"m_FxEnabled":true},"in2DMode":false,"pivot":{"x":1.3117377758026124,"y":0.24409160017967225,"z":1.0251964330673218},"rotation":{"x":-0.042365316301584247,"y":0.6495236158370972,"z":-0.03628658130764961,"w":-0.7583054900169373},"size":0.47212567925453188,"orthographic":false}