{"cameraMode":{"drawMode":0,"name":"Shaded","section":"Shading Mode"},"sceneLighting":false,"audioPlay":false,"sceneViewState":{"m_AlwaysRefresh":false,"showFog":true,"showSkybox":false,"showFlares":true,"showImageEffects":true,"showParticleSystems":true,"showVisualEffectGraphs":true,"m_FxEnabled":true},"in2DMode":false,"pivot":{"x":0.0018913745880126954,"y":4.052079200744629,"z":1.08823823928833},"rotation":{"x":0.06623689085245133,"y":0.027247006073594095,"z":-0.001809697481803596,"w":0.9974388480186462},"size":4.114997863769531,"orthographic":false}